"administration","nom","prenom","civilite","fonction","type_organisme","modification","commentaires"
"Cabinet du ministre de l’Enseignement supérieur, de la Recherche, et de l'Espace","PANNIER","Pauline","Mme","Directrice du cabinet","Cabinet ministériel","",""
"Cabinet du ministre de l'Intérieur","CHARBONNEAU","Magali","Mme","Directrice du cabinet","Cabinet ministériel","",""
"Cabinet du ministre de la Ville et du Logement","DUPARC","Franck","M.","Directeur du cabinet","Administration centrale (ou Ministère)","",""
"Cabinet civil et militaire de la ministre des Armées et des Anciens combattants","LEGRAS","Claire","Mme","Directrice du cabinet","Cabinet ministériel","",""
"Cabinet du ministre de l'Action et des Comptes publics","DURRIEU","Claire","Mme","Directrice de cabinet","Cabinet ministériel","",""
"Cabinet de la ministre de la Transition écologique, de la Biodiversité et des Négociations internationales sur le Climat et la Nature","LASSERRE","Virginie","Mme","Directrice du cabinet","Cabinet ministériel","",""
"Cabinet du ministre délégué auprès du ministre de l’Économie, des Finances et de la Souveraineté industrielle, énergétique et numérique, chargé de l’industrie","SUSTER","Laurent","M.","Directeur de cabinet","Cabinet ministériel","",""
"Cabinet de la ministre déléguée auprès de la ministre des Armées et des Anciens combattants, chargée de la mémoire et des anciens combattants","ESCORCIA","Alexandre","M.","Directeur du cabinet","Cabinet ministériel","",""
"Cabinet de la ministre de la Santé, des Familles, de l’Autonomie et des Personnes handicapées","ALTER","Lise","Mme","Directrice du cabinet","Administration centrale (ou Ministère)","",""
"Cabinet du ministre délégué auprès du ministre de l’Europe et des Affaires étrangères, chargé de l'Europe","PEYROUX","Thierry","M.","Directeur du cabinet","Cabinet ministériel","",""
"Cabinet du ministre de l’Économie, des Finances et de la Souveraineté industrielle, énergétique et numérique","MONNET","Emmanuel","M.","Directeur du cabinet","Cabinet ministériel","",""
"Cabinet du Premier ministre","GUSTIN","Philippe","M.","Directeur du cabinet","Cabinet ministériel","",""
"Cabinet de la ministre déléguée auprès du ministre de l'Intérieur","LEPIDI","Dominique","M.","Directeur du cabinet","Administration centrale (ou Ministère)","",""
"Cabinet du ministre du Travail et des Solidarités","VILLARD","Renaud","M.","Directeur du cabinet","Administration centrale (ou Ministère)","",""
"Cabinet du ministre des Transports","PANAHI","Katayoune","Mme","Directrice de cabinet","Cabinet ministériel","",""
"Cabinet du ministre délégué auprès du ministre de l'intérieur","HESSE","Nicolas","M.","Directeur de cabinet","Administration centrale (ou Ministère)","",""
"Cabinet de la ministre déléguée auprès du ministre du travail et des solidarités","DUCHÊNE","Thibaut","M.","Directeur de cabinet","Administration centrale (ou Ministère)","",""
"Cabinet de la ministre des Sports, de la Jeunesse et de la Vie associative","REY","Jean-Philippe","M.","Directeur du cabinet","Cabinet ministériel","Modifié","Non renseigné"
"Cabinet de la ministre déléguée auprès de la ministre de la Santé, des Familles, de l’Autonomie et des Personnes handicapées, chargée de l'autonomie et des personnes handicapées","JAFFRE","Didier","M.","Directeur du cabinet","Cabinet ministériel","",""
"Cabinet de la Ministre déléguée auprès de la Ministre de la transition écologique, de la biodiversité et des négociations internationales sur le climat et la nature, chargée de la Mer et de la Pêche","DE CARMOY","Frédéric","M.","Directeur du cabinet","Administration centrale (ou Ministère)","",""
"Cabinet du ministre délégué auprès du Premier ministre, chargé des relations avec le Parlement","STEPHANY ","Antoine","M.","Directeur du cabinet","Cabinet ministériel","Modifié","Non renseigné, nouveau juin 2026"
"Cabinet de la ministre déléguée auprès du ministre de l’Économie, des Finances et de la Souveraineté industrielle, énergétique et numérique, chargée de l'énergie","CARANTINO","Benjamin","M.","Directeur de cabinet","Administration centrale (ou Ministère)","",""
"Cabinet de la ministre déléguée auprès du Premier Ministre, porte-parole du Gouvernement","DUPUY","Jérôme","M.","Directeur du cabinet","Cabinet ministériel","",""
"Cabinet du ministre de l'Éducation nationale","LEROUX","Thomas","M.","Directeur du cabinet","Cabinet ministériel","",""
"Cabinet de la ministre de la Culture","ALLAIRE","Luc","M.","Directrice de cabinet","Cabinet ministériel","",""
"Cabinet de la ministre des Outre-mer","PREVOST","Laurent","M.","Directeur du cabinet","Cabinet ministériel","",""
"Cabinet du ministre délégué auprès de la ministre de l’Aménagement du territoire et de la Décentralisation, chargé de la ruralité","MICHEL-MOREAUX","Valérie","Mme","Directrice du cabinet","Cabinet ministériel","",""
"Cabinet de la ministre déléguée auprès du ministre de l'Europe et des Affaires étrangères, chargée de la francophonie et des partenariats internationaux et des Français de l'étranger","PHILIPPE","Marie","Mme","Directrice du cabinet","Cabinet ministériel","",""
"Cabinet du ministre délégué auprès du ministre de l’Europe et des Affaires étrangères, chargé du commerce extérieur et et de l'attrativité","JANNIN","Nicolas","M.","Directeur de cabinet","Cabinet ministériel","",""
"Cabinet de la ministre de l'Aménagement du Territoire et de la Décentralisation","DINDAR","Cécile","Mme","Directrice du cabinet","Cabinet ministériel","",""
"Cabinet du ministre des petites et moyennes Entreprises, du Commerce, de l'Artisanat, du Tourisme et du Pouvoir d'achat","BOLARD","François","M.","Directeur de cabinet","Administration centrale (ou Ministère)","",""
"Cabinet de la ministre déléguée auprès du Premier Ministre, chargée de l'égalité entre les femmes et les hommes et de la lutte contre les discriminations","DORAÏ","Laurent","M.","Directeur de cabinet","Administration centrale (ou Ministère)","",""
"Cabinet du Ministre délégué auprès de la Ministre de la transition écologique, de la biodiversité et des négociations internationales sur le climat et la nature, chargé de la transition écologique","CAILLAUD","Mariana","Mme","Directrice de cabinet","Administration centrale (ou Ministère)","",""
"Cabinet du ministre de l'Europe et des Affaires étrangères","LECHEVALLIER","Aurélien","M.","Directeur du cabinet","Cabinet ministériel","",""
"Cabinet de la ministre de l’Agriculture, de l'Agro-alimentaire et de la Souveraineté alimentaire","LANXADE","Thibault","M.","Directeur du cabinet","Cabinet ministériel","",""
"Cabinet de la ministre déléguée auprès du ministre de l’Économie, des Finances et de la Souveraineté industrielle, énergétique et numérique, chargée de l’intelligence artificielle et du numérique","LAROCHE","Adrien","M.","Directeur de cabinet","Cabinet ministériel","",""
"Cabinet du garde des Sceaux, ministre de la Justice","DELAUNE-PERRIERE","Manon","Mme","Directrice de cabinet","Cabinet ministériel","",""
