nom,prenom,genre,date_naissance,code_CSP,age,modification,commentaires
ALLIONE,Grégory,M,1971-07-25,53,54,,
ANDROUËT,Mathilde,F,1984-07-03,33,42,,
AUBRY,Manon,F,1989-12-22,33,36,,
BARDELLA,Jordan,M,1995-09-13,33,30,,
BAY,Christophe,M,1962-09-06,33,63,,
BAY,Nicolas,M,1977-12-21,33,48,,
BELLAMY,François-Xavier,M,1985-10-11,34,40,,
BOYER,Gilles,M,1971-07-04,33,55,,
BRASIER-CLAIN,Marie-Luce,F,1959-10-19,75,66,,
CAMARA,Mélissa,F,1991-11-27,43,34,,
CANFIN,Pascal,M,1974-08-22,33,51,,
CAREME,Damien,M,1960-11-16,33,65,,
CASTILLO,Laurent,M,1962-03-12,34,64,,
CHAIBI,Leïla,F,1982-10-05,33,43,,
CLERGEAU,Christophe,M,1968-09-01,33,57,,
CORMAND,David,M,1974-11-30,33,51,,
DAUCHY,Marie,F,1987-02-05,54,39,,
DECERLE,Jérémy,M,1984-07-01,12,42,,
DELOGE,Valérie,F,1966-05-09,11,60,,
DEVAUX,Valérie,F,1964-06-19,34,62,,
DISDIER,Mélanie,F,1974-01-27,22,52,,
FARRENG,Laurence,F,1966-09-06,33,59,,
FITA,Claire,F,1976-12-31,33,49,,
FOURREAU,Emma,F,1999-10-01,33,26,,
FRIGOUT,Anne-Sophie,F,1991-04-11,34,35,,
FURET,Angéline,F,1981-07-24,31,45,,
GARRAUD,Jean-Paul,M,1956-02-27,33,70,,
GERMAIN,Jean-Marc,M,1966-06-12,33,60,,
GLUCKSMANN,Raphaël,M,1979-10-15,35,46,,
GOMART,Christophe,M,1960-06-20,37,66,,
GOZI,Sandro,M,1968-03-25,33,58,,
GRISET,Catherine,F,1972-08-20,33,53,,
GRUDLER,Christophe,M,1965-04-09,33,61,,
GUETTA,Bernard,M,1951-01-28,35,75,,
HASSAN,Rima,F,1992-04-28,37,34,,
HAYER,Valérie,F,1986-04-06,33,40,,
IMART,Céline,F,1982-08-24,12,43,,
JAMET,France,F,1961-02-05,33,65,,
JORON,Virginie,F,1973-12-11,38,52,,
JOUVET,Pierre,M,1986-10-06,33,39,,
KALFON,François,M,1968-06-11,31,58,,
KELLER,Fabienne,F,1959-10-20,38,66,,
KNAFO,Sarah,F,1993-04-24,33,33,,
LALUCQ,Aurore,F,1979-04-17,33,47,,
LAURENT,Murielle,F,1977-09-21,45,48,,
LE CALLENNEC,Isabelle,F,1966-10-14,37,59,,
LEGGERI,Fabrice,M,1968-03-28,33,58,,
LEONARDELLI,Julien,M,1987-07-14,33,39,,
LOISEAU,Nathalie,F,1964-06-01,33,62,,
MARIANI,Thierry,M,1958-08-08,33,67,,
MARÉCHAL,Marion,F,1989-12-10,33,36,,
MEBAREK,Nora,F,1972-07-22,33,54,,
MESURE,Marina,F,1989-07-12,33,37,,
MORANO,Nadine,F,1963-11-06,72,62,,
NIKOLIC,Aleksandar,M,1986-10-04,33,39,,
OLIVIER,Philippe,M,1961-08-30,37,64,,
OMARJEE,Younous,M,1969-09-30,33,56,,
PELLERIN-CARLIN,Thomas,M,1989-11-05,34,36,,
PELTIER,Guillaume,M,1976-08-27,33,49,,
PENNELLE,Gilles,M,1962-07-20,33,64,,
PIERA,Pascale,F,1967-02-23,33,59,,
PIMPIE,Pierre,M,1971-09-10,33,54,,
RAFOWICZ,Emma,F,1995-06-24,84,31,,
RECHAGNEUX,Julie,F,1996-01-24,37,30,,
RIDEL,Chloé,F,1991-11-25,33,34,,
ROUGÉ,André,M,1961-12-23,85,64,,
SAEIDI,Arash,M,1975-05-25,23,51,,
SANCHEZ,Julien,M,1983-10-19,33,42,,
SARGIACOMO,Eric,M,1969-10-31,33,56,,
SATOURI,Mounir,M,1975-05-25,33,51,,
SBAI,Majdouline,F,1977-09-10,34,48,,
SMITH,Anthony,M,1975-04-03,33,51,,
SOREL,Malika,F,1962-08-07,35,63,,
THIONNET,Pierre-Romain,M,1994-01-19,33,32,,
TOLASSY,Rody,M,1987-09-21,31,38,,
TOUSSAINT,Marie,F,1987-05-27,37,39,,
TROCHU,Laurence,F,1973-07-04,85,53,,
VALET,Matthieu,M,1986-01-04,53,40,,
VARAUT,Alexandre,M,1966-01-18,31,60,,
WERBROUCK,Séverine,F,1970-10-31,22,55,,
YON-COURTIN,Stéphanie,F,1974-03-28,31,52,,
