administration,nom,prenom,civilite,fonction,type_organisme,code_insee_commune,modification,commentaires
Préfecture - Vaucluse,SUQUET,Thierry,M.,Préfet,"Préfecture, sous-préfecture",84007,,
Préfecture - Côte-d'Or,DEMARET,Violaine,Mme,Préfète,"Préfecture, sous-préfecture",21231,,
Préfecture - Ille-et-Vilaine,DUBÉE,Emmanuelle,Mme,"Préfète de la région Bretagne, préfète de la zone de défense et de sécurité Ouest, préfète d'Ille-et-Vilaine","Préfecture, sous-préfecture",35238,,
Préfecture - Morbihan,GALY,Michäel,M.,Préfet,"Préfecture, sous-préfecture",56260,,
Préfecture - Cantal,LOOS,Philippe,M.,Préfet,"Préfecture, sous-préfecture",15014,,
Préfecture de région - Île-de-France et Paris,LECLERC,Georges-François,M.,Préfet de région,"Préfecture, sous-préfecture",75115,,
Préfecture - Manche,CHAPPUIS,Marc,M.,Préfet,"Préfecture, sous-préfecture",50502,,
Préfecture - Vendée,FREYSSELINARD,Éric,M.,Préfet,"Préfecture, sous-préfecture",85191,,
Préfecture maritime de l'Atlantique,QUÉRAT,Jean-François,M.,Préfet maritime de l'Atlantique,Administration centrale (ou Ministère),,,
Représentation de l'État - Annexe de Saint-Barthélemy,LE VELY,Cyrille,M.,Représentant de l'État,"Préfecture, sous-préfecture",97701,,
Préfecture - Hauts-de-Seine,BRUGERE,Alexandre,M.,Préfet,"Préfecture, sous-préfecture",92050,,
Préfecture - Indre-et-Loire,CAMPEAUX,Thomas,M.,Préfet,"Préfecture, sous-préfecture",37261,,
Préfecture - Seine-et-Marne,ORY,Pierre,M.,Préfet,"Préfecture, sous-préfecture",77288,,
Préfecture - Cher,LE MOING-SURZUR,Philippe,M.,Préfet,"Préfecture, sous-préfecture",18033,,
Préfecture - Sarthe,JALLET,Sébastien,M.,Préfet,"Préfecture, sous-préfecture",72181,,
Préfecture - Loire-Atlantique,,,,Préfet,"Préfecture, sous-préfecture",44109,,
Préfecture - Haute-Corse,DEPREZ-BOUDIER,Véronique,Mme,Préfète,"Préfecture, sous-préfecture",2B033,,
Préfecture - Saint-Pierre-et-Miquelon,DIDIO,Marc,M.,Préfet,"Préfecture, sous-préfecture",97502,,
Préfecture - Hérault,MAUCHET,Chantal,Mme,Préfète,"Préfecture, sous-préfecture",34172,,
Préfecture - Mayotte,POISOT,Frédéric,M.,Préfet,"Préfecture, sous-préfecture",97611,,
Préfecture - Drôme,GASPARI,Marie-Aimée,Mme,Préfète,"Préfecture, sous-préfecture",26362,,
Préfecture maritime de la Méditerranée (PREMAR),LUCAS,Christophe,M.,Préfet maritime de la Méditerranée,Administration centrale (ou Ministère),,,
Préfecture - Vienne,GIUSTI,Charles,M.,Préfet,"Préfecture, sous-préfecture",86194,,
Préfecture - Bas-Rhin,DE SAINT-QUENTIN,Amaury,M.,Préfet,"Préfecture, sous-préfecture",67482,,
Préfecture - Loiret,MOUTOUH,Hugues,M.,Préfet,"Préfecture, sous-préfecture",45234,,
Préfecture - Var,BABRE,Simon,M.,Préfet,"Préfecture, sous-préfecture",83137,,
Préfecture - Tarn-et-Garonne,CAUWEL,Sébastien,M.,Préfet,"Préfecture, sous-préfecture",82121,,
Préfecture - Haute-Garonne,RIGOULET-ROZE,Fabrice,M.,Préfet,"Préfecture, sous-préfecture",31555,,
Préfecture - Orne,TOURMENTE,Hervé,M.,Préfet,"Préfecture, sous-préfecture",61001,,
Préfecture - Yonne,JAN,Pascal,M.,Préfet,"Préfecture, sous-préfecture",89024,,
Préfecture - Haute-Saône,JACOB,Serge,M.,Préfet,"Préfecture, sous-préfecture",70550,,
Préfecture - Aveyron,CHAUFFOUR-ROUILLARD,Claire,Mme,Préfète,"Préfecture, sous-préfecture",12202,,
Préfecture - Nièvre,DECOTTIGNIES,Fabienne,Mme,Préfète,"Préfecture, sous-préfecture",58194,,
Préfecture - Seine-Maritime,ALBERTINI,Jean-Benoît,M.,Préfet,"Préfecture, sous-préfecture",76540,,
Préfecture - Val-d'Oise,COURT,Philippe,M.,Préfet,"Préfecture, sous-préfecture",95127,,
Préfecture - Haute-Vienne,BARATE,Maurice,M.,Préfet,"Préfecture, sous-préfecture",87085,,
Préfecture - Rhône,GUYOT,Étienne,M.,Préfet,"Préfecture, sous-préfecture",69383,,
Préfecture - Jura,COLLIEX,Pierre-Édouard,M.,Préfet,"Préfecture, sous-préfecture",39300,,
Préfecture - Pas-de-Calais,LAUCH,François-Xavier,M.,Préfet,"Préfecture, sous-préfecture",62041,,
Haut-commissariat de la République - Nouvelle-Calédonie,BILLANT,Jacques,M.,"Haut-commissaire de la République, haut fonctionnaire de zone de défense et de sécurité Nouvelle-Calédonie","Préfecture, sous-préfecture",98818,,
Préfecture - Meurthe-et-Moselle,SEGUY,Yves,M.,Préfet,"Préfecture, sous-préfecture",54395,,
Préfecture - Ariège,BRABANT,Hervé,M.,Préfet,"Préfecture, sous-préfecture",09122,,
Préfecture - Ain,THIRODE,Louis-Xavier,M.,Préfet,"Préfecture, sous-préfecture",01053,,
Préfecture - Creuse,LEGUEULT,Jean-Philippe,M.,Préfet,"Préfecture, sous-préfecture",23096,,
Préfecture - Marne,ROYET,Romain,M.,Préfet,"Préfecture, sous-préfecture",51108,,
Préfecture - Doubs,BASTILLE,Rémi,M.,Préfet,"Préfecture, sous-préfecture",25056,,
Préfecture - Ardennes,CHASSAING,Christian,M.,Préfet,"Préfecture, sous-préfecture",08105,,
Préfecture - Seine-Saint-Denis,CHARLES,Julien,M.,Préfet,"Préfecture, sous-préfecture",93008,,
Préfecture - Calvados,CLAVIÈRE,David,M.,Préfet,"Préfecture, sous-préfecture",14118,,
Préfecture de police de Paris,FAURE,Patrice,M.,"Préfet de police, préfet de zone de défense et de sécurité de Paris",Service déconcentré,75104,,
Préfecture - Charente,HARNOIS,Jérôme,M.,Préfet,"Préfecture, sous-préfecture",16015,,
Préfecture - Eure-et-Loir,JONATHAN,Hervé,M.,Préfet,"Préfecture, sous-préfecture",28085,,
Préfecture - Alpes-de-Haute-Provence,TOMATIS,Isabelle,Mme,Préfète,"Préfecture, sous-préfecture",04070,,
Préfecture maritime de la Manche et de la Mer du Nord (PREMAR),DE GUIBERT,Benoît,M.,Préfet maritime de la Manche et de la Mer du Nord,Administration centrale (ou Ministère),,,
Préfecture - Gironde,BROCAS,Sophie,Mme,Préfète,"Préfecture, sous-préfecture",33063,,
Préfecture - Corse-du-Sud,JALON,Éric,M.,Préfet,"Préfecture, sous-préfecture",2A004,,
Préfecture - Ardèche,TRÉVISANI,Benoît,M.,Préfet,"Préfecture, sous-préfecture",07186,,
Préfecture - Territoire de Belfort,CHARRIER,Alain,M.,Préfet,"Préfecture, sous-préfecture",90010,,
Préfecture - Dordogne,AUBERT,Marie,Mme,Préfète,"Préfecture, sous-préfecture",24322,,
Préfecture - Allier,NOEL DU PAYRAT,Christophe,M.,Préfet,"Préfecture, sous-préfecture",03190,,
Préfecture - Aube,GAUCI,Pascal,M.,Préfet,"Préfecture, sous-préfecture",10387,,
Préfecture - Charente-Maritime,PROSIC,Michel,M.,Préfet,"Préfecture, sous-préfecture",17300,,
Préfecture - Isère,SEGUIN,Catherine,Mme,Préfète,"Préfecture, sous-préfecture",38185,,
Préfecture - Puy-de-Dôme,FRACKOWIAK-JACOBS,Anne,Mme,Préfète,"Préfecture, sous-préfecture",63113,,
Préfecture - Gers,CASTANIER,Alain,M.,Préfet,"Préfecture, sous-préfecture",32013,,
Préfecture - Hautes-Pyrénées,SALOMON,Jean,M.,Préfet,"Préfecture, sous-préfecture",65440,,
Préfecture - Loire,BIEUVILLE,François-Xavier,M.,Préfet,"Préfecture, sous-préfecture",42218,,
Terres australes et antarctiques françaises (TAAF),QUIMBERT,Mikaël,M.,Préfet,"Préfecture, sous-préfecture",97416,,
Préfecture - Gard,BONET,Jérôme,M.,Préfet,"Préfecture, sous-préfecture",30189,,
Préfecture - Lozère,QUÉNÉHERVÉ,Gilles,M.,Préfet,"Préfecture, sous-préfecture",48095,,
Préfecture - Nord,GAUME,Bertrand,M.,Préfet,"Préfecture, sous-préfecture",59350,,
Préfecture - Haut-Rhin,AUBRY,Emmanuel,M.,Préfet,"Préfecture, sous-préfecture",68066,,
Préfecture - La Réunion,LATRON,Patrice,M.,Préfet,"Préfecture, sous-préfecture",97411,,
Représentation de l'État - Annexe de Saint-Martin,LE VELY,Cyrille,M.,Représentant de l'État,"Préfecture, sous-préfecture",97801,,
Préfecture - Aude,BUCQUET,Alain,M.,Préfet,"Préfecture, sous-préfecture",11069,,
Préfecture - Eure,DELARUE,Xavier,M.,Préfet,"Préfecture, sous-préfecture",27229,,
Préfecture - Vosges,GOURTAY,Blaise,M.,Préfet,"Préfecture, sous-préfecture",88160,,
Préfecture - Martinique,DESPLANQUES,Étienne,M.,Préfet,"Préfecture, sous-préfecture",97209,,
Préfecture - Indre,LE BRIGNONEN,Maryvonne,Mme,Préfète,"Préfecture, sous-préfecture",36044,,
Préfecture - Tarn,BERTOUX,Simon,M.,Préfet,"Préfecture, sous-préfecture",81004,,
Préfecture - Essonne,BALUSSOU,Fabienne,Mme,Préfète,"Préfecture, sous-préfecture",91228,,
Préfecture - Guadeloupe,DEVIMEUX,Thierry,M.,"Préfet de la région Guadeloupe, préfet de la Guadeloupe","Préfecture, sous-préfecture",97105,,
Préfecture - Hautes-Alpes,BAILBE,Philippe,M.,Préfet,"Préfecture, sous-préfecture",05061,,
Préfecture - Maine-et-Loire,PESNEAU,François,M.,Préfet,"Préfecture, sous-préfecture",49007,,
Préfecture - Val-de-Marne,BOURRON,Stanislas,M.,Préfet,"Préfecture, sous-préfecture",94028,,
Préfecture - Saône-et-Loire,DUFOUR,Dominique,M.,Préfet,"Préfecture, sous-préfecture",71270,,
Préfecture - Bouches-du-Rhône,WITKOWSKI,Jacques,M.,Préfet,"Préfecture, sous-préfecture",13203,,
Préfecture - Oise,CAILLAUD,Jean-Marie,M.,Préfet,"Préfecture, sous-préfecture",60057,,
Préfecture - Alpes-Maritimes,GIRIER,Jean-Marie,M.,Préfet,"Préfecture, sous-préfecture",06088,,
Préfecture de police - Bouches-du-Rhône,,,,Préfet,"Préfecture, sous-préfecture",13055,,
Préfecture - Haute-Loire,CORDIER,Yvan,M.,Préfet,"Préfecture, sous-préfecture",43157,,
Préfecture - Haute-Marne,PAM,Régine,Mme,Préfète,"Préfecture, sous-préfecture",52121,,
Préfecture - Landes,CLAVREUL,Gilles,M.,Préfète,"Préfecture, sous-préfecture",40192,,
Préfecture - Meuse,CANTON,Anne-Florence,Mme,Préfète,"Préfecture, sous-préfecture",55029,,
Préfecture - Mayenne,BAPTISTA,Nadège,Mme,Préfète,"Préfecture, sous-préfecture",53130,,
Préfecture - Moselle,BOLOT,Pascal,M.,Préfet,"Préfecture, sous-préfecture",57463,,
Préfecture - Loir-et-Cher,ZIMET,Joseph,M.,Préfet,"Préfecture, sous-préfecture",41018,,
Préfecture - Deux-Sèvres,FETET,Simon,M.,Préfet,"Préfecture, sous-préfecture",79191,,
Préfecture - Côtes-d'Armor,GUILLOTOU DE KERÉVER,François,M.,Préfet,"Préfecture, sous-préfecture",22278,,
Préfecture - Pyrénées-Atlantiques,,,,Préfet,"Préfecture, sous-préfecture",64445,,
Préfecture - Pyrénées-Orientales,REGNAULT DE LA MOTHE,Pierre,M.,Préfet,"Préfecture, sous-préfecture",66136,,
Préfecture - Finistère,LE FRANC,Louis,M.,Préfet,"Préfecture, sous-préfecture",29232,,
Préfecture - Lot,POULAIN,Marilyne,Mme,Préfète,"Préfecture, sous-préfecture",46042,,
Haut-commissariat de la République - Polynésie française,ROCHATTE,Alexandre,M.,"Haut-commissaire de la République, haut fonctionnaire de zone de défense et de sécurité Polynésie française","Préfecture, sous-préfecture",98735,,
Préfecture - Somme,MOUCHEL-BLAISOT,Rollon,M.,Préfet,"Préfecture, sous-préfecture",80021,,
Préfecture - Lot-et-Garonne,ANDRÉ,Bruno,M.,Préfet,"Préfecture, sous-préfecture",47001,,
Préfecture - Aisne,ANOR,Fanny,Mme,Préfète,"Préfecture, sous-préfecture",02408,,
Préfecture - Corrèze,BERTON,Vincent,M.,Préfet,"Préfecture, sous-préfecture",19272,,
Préfecture - Haute-Savoie,DUBÉE,Emmanuelle,Mme,"Préfète de la région Bretagne, préfète de la zone de défense et de sécurité Ouest, préfète d'Ille-et-Vilaine","Préfecture, sous-préfecture",74010,,
Préfecture - Savoie,NICOLI,Vanina,Mme,Préfète,"Préfecture, sous-préfecture",73065,,
Préfecture (Administration supérieure) - Wallis-et-Futuna,DE MANHEULLE,Jean-François,M.,"Préfet, administrateur supérieur","Préfecture, sous-préfecture",98613,,
Préfecture - Yvelines,BLONDEL,Brice,M.,Préfet,"Préfecture, sous-préfecture",78646,,
